rns,rns80,mrt,mrt80,smsa,smsa80,med,iq,kww,year,age,age80,s,s80,expr,expr80,tenure,tenure80,lw,lw80
0,0,0,1,1,1,8,93,35,68,19,31,12,12,0.462000012,10.63500023,0,2,5.900000095,6.644999981
0,0,0,1,1,1,14,119,41,66,23,37,16,18,0,11.36699963,2,16,5.438000202,6.693999767
0,0,0,1,1,1,14,108,46,67,20,33,14,14,0.423000008,11.03499985,1,9,5.710000038,6.715000153
0,0,0,1,1,1,12,96,32,66,18,32,12,12,0.333000004,13.08899975,1,7,5.480999947,6.477000237
0,0,1,1,1,1,6,74,27,73,26,34,9,11,9.012999535,14.40200043,3,5,5.927000046,6.331999779
0,0,0,0,1,1,8,91,24,66,16,30,9,10,0.333000004,13.42599964,1,0,4.803999901,6.396999836
0,0,1,1,1,1,8,114,50,73,30,38,18,18,1.205000043,7.554999828,6,14,6.512000084,6.986000061
0,0,1,1,0,0,14,111,37,67,23,36,15,15,1.25,12.61999989,1,1,5.808000088,7.051000118
0,0,1,1,1,1,12,95,44,66,22,36,12,12,2.048000097,15.87199974,2,16,5.736999989,6.907999992
0,0,1,1,0,0,13,132,44,73,30,38,18,18,1.371999979,8.319000244,5,13,6.381999969,6.835000038
0,0,1,1,0,0,16,102,45,69,22,33,14,14,0,9.298000336,1,11,5.743000031,6.826000214
0,0,0,0,0,0,12,125,40,70,20,30,14,15,0.36500001,4.112999916,1,3,6.215000153,6.802000046
0,0,0,1,1,1,10,119,24,73,20,28,16,16,0.689999998,7.46999979,0,2,5.256999969,7.184000015
0,0,1,1,1,1,12,118,47,73,26,34,16,16,2.388999939,9.312000275,0,9,6.619999886,7.491000175
0,0,1,1,1,1,6,105,37,66,21,35,10,10,4.377999783,17.03899956,2,2,5.714000225,6.864999771
0,0,0,1,1,1,12,109,39,66,22,36,12,15,0,5.900000095,2,9,5.59499979,7.215000153
0,0,1,1,1,1,10,72,36,71,29,38,11,11,8.786999702,19.2310009,1,10,5.808000088,6.744999886
0,0,0,1,1,1,12,105,29,73,21,29,12,14,0,3.926000118,0,7,5.900000095,6.722000122
0,0,0,1,1,1,8,101,34,67,18,31,11,12,0.377999991,12.58500004,1,7,5.297999859,6.15500021
0,0,0,1,1,1,12,123,37,70,21,31,12,14,1.786000013,8.93999958,3,1,5.78399992,7.151000023
0,0,1,1,1,1,12,113,49,70,26,36,16,16,0.469999999,10.36100006,7,4,6.224999905,7.387000084
0,0,0,1,1,1,10,95,36,66,24,38,12,12,0.294999987,13.70800018,1,3,5.743000031,6.771999836
0,0,1,1,0,1,12,145,50,71,29,38,16,16,8.340999603,17.25799942,4,8,6.868999958,7.666999817
0,0,0,1,1,1,11,114,35,69,21,32,16,16,1,11.67700005,1,7,6.122000217,6.959000111
0,0,0,1,1,1,16,124,32,73,21,29,16,16,1.447000027,8.387000084,2,9,6.239999771,7.379000187
0,0,1,1,1,1,12,93,40,66,21,35,12,13,2.378000021,15.52200031,2,5,5.152999878,7.079999924
1,1,1,1,1,1,8,115,39,73,27,35,18,18,4.449999809,11.36400032,0,1,6.568999767,6.684999943
0,0,1,1,1,1,13,125,41,73,26,34,17,17,2.35800004,9.376000404,6,4,6.357999802,7.256000042
0,0,0,0,1,1,16,128,35,73,28,36,18,18,0.897000015,7.801000118,5,13,6.136000156,6.453999996
0,0,1,1,1,1,8,103,40,71,25,34,12,12,6.768000126,16.62899971,1,2,5.927000046,6.907999992
0,0,0,1,1,1,12,98,41,66,21,35,14,14,2.378000021,15.10700035,3,4,6.215000153,7.261000156
0,1,0,1,1,1,12,108,41,66,18,32,13,13,0,12.30599976,1,2,5.520999908,7.888999939
0,0,0,1,0,0,18,129,40,69,27,38,18,18,0,8.062999725,1,12,6.015999794,6.501999855
0,0,1,1,1,1,17,132,42,73,24,32,16,17,1.475000024,8.395999908,2,9,6.357999802,7.484000206
0,0,0,1,1,1,8,92,24,68,19,31,13,13,0,8.553999901,2,10,5.520999908,6.662000179
0,0,1,1,1,1,15,106,35,69,20,31,13,13,0,10.81299973,1,12,6.147999763,7.150000095
0,0,1,1,1,1,13,105,37,73,21,29,16,16,2.269000053,8.696000099,0,2,5.857999802,6.571000099
0,0,1,1,1,0,12,123,46,69,25,36,17,18,0,10.90600014,3,7,6.323999882,6.986000061
0,0,1,1,1,1,8,108,48,66,24,38,12,12,6.333000183,20.59799957,2,11,5.752999783,6.539999962
0,0,0,1,1,1,12,122,47,70,23,33,16,17,0.469999999,10.35299969,1,9,6.236000061,7.184000015
0,0,1,1,1,1,12,109,44,66,24,38,12,12,1.712000012,15.6590004,1,4,5.991000175,7.122000217
0,0,1,1,1,1,10,100,40,68,26,38,12,13,0,11.69299984,3,15,5.627999783,6.934000015
0,0,1,1,1,1,14,125,50,69,23,34,18,18,0.795000017,11.79300022,1,12,6.09100008,7.46600008
0,0,0,0,1,1,12,122,41,73,27,35,14,14,1.868999958,8.824999809,7,15,6.109000206,6.888999939
0,0,1,1,1,1,12,105,34,71,21,30,16,17,0,7.414999962,2,11,5.441999912,6.645999908
0,0,0,1,1,1,12,94,37,69,22,33,16,16,0.423000008,11.23200035,1,5,5.552999973,7.051000118
0,0,1,1,1,1,12,102,36,66,20,34,12,12,2.167000055,16.01099968,3,5,5.617000103,7.052000046
0,0,0,1,1,1,12,109,47,73,30,38,12,13,6.532999992,13.52600002,4,12,6.176000118,6.693999767
0,0,1,1,1,1,12,105,45,66,24,38,12,12,8.100999832,22.04500008,2,14,5.703999996,7.002999783
1,1,1,1,1,1,12,134,46,71,28,37,18,18,0.906000018,9.75399971,1,10,5.545000076,7.051000118
0,0,0,0,1,1,12,108,32,68,17,29,12,12,0.922999978,13.02200031,0,9,5.383999825,7.467000008
0,0,1,1,1,1,12,104,36,73,22,30,16,16,2.441999912,11.27299976,1,8,5.888999939,6.907999992
0,0,1,1,1,1,12,112,35,69,18,29,12,12,0.462000012,10.78600025,1,1,5.164999962,6.135000229
0,0,0,0,1,1,11,120,49,71,23,32,18,18,0,7.938000202,3,12,5.627999783,6.644999981
0,0,0,0,1,0,17,124,40,71,22,31,16,16,1.18900001,8.798000336,1,3,5.337999821,6.774000168
1,0,0,1,1,1,12,103,34,68,17,29,12,12,0.462000012,12.11900043,1,7,5.308000088,7.225999832
0,0,0,1,1,1,12,115,45,73,22,30,16,17,0,1,0,7,5.745999813,7.281000137
0,0,1,1,1,1,6,96,33,66,21,35,12,12,3.332999945,17.13100052,1,12,5.572000027,6.684999943
0,0,1,1,1,1,12,123,48,70,26,36,17,17,0.884000003,10.08100033,4,7,5.624000072,7.46600008
0,0,0,1,1,1,12,98,34,68,17,29,12,12,0.377999991,12.28600025,3,12,5.164999962,7.047999859
0,0,1,1,1,1,12,96,34,66,21,35,12,12,4.333000183,18.40299988,1,13,5.635000229,6.732999802
0,0,1,1,1,1,12,89,47,67,25,38,12,12,5,16.5510006,5,2,5.857999802,6.885000229
0,0,0,0,1,1,9,93,20,70,18,28,12,12,0.374000013,10.24800014,1,10,5.236000061,6.427999973
0,0,0,1,1,1,12,82,32,66,19,33,12,12,1.916000009,12.29199982,1,0,5.520999908,6.09100008
0,0,1,1,1,0,12,120,45,69,27,38,15,15,1.378000021,11.62100029,2,1,6.551000118,6.396999836
0,0,1,1,1,1,12,122,38,71,23,32,12,12,5.323999882,15.33199978,6,15,6.06400013,7.21999979
0,0,1,1,1,1,12,117,48,73,25,33,18,18,1.467000008,8.326000214,2,2,6.729000092,7.403999805
0,0,1,1,1,1,8,109,44,73,28,36,16,16,1.618999958,8.482000351,5,13,6.388999939,7.282999992
1,0,1,1,1,1,12,114,55,69,27,38,17,18,1.462000012,12.39299965,1,7,6.357999802,7.744999886
0,0,1,1,1,1,12,126,40,70,21,31,16,16,0.551999986,10.46700001,1,11,6.224999905,7.427999973
0,0,0,1,1,1,11,82,45,68,21,33,12,12,0,10.20899963,3,2,5.297999859,7.118999958
0,0,0,1,1,1,12,119,45,69,21,32,16,16,0.941999972,11.32600021,1,4,5.96600008,6.750999928
0,0,1,1,1,1,12,104,37,68,23,35,16,16,0,5.656000137,1,8,5.896999836,6.977000237
0,0,1,1,1,1,12,97,45,66,22,36,12,12,3.460999966,17.33399963,1,15,5.583000183,6.907999992
0,0,0,1,1,0,14,105,27,71,22,31,14,15,0.221000001,8.105999947,1,2,5.520999908,6.514999866
0,0,0,1,1,1,7,100,32,68,18,30,12,12,2.25,13.57199955,1,1,5.762000084,7.002999783
0,0,1,1,1,1,12,114,41,67,18,31,12,12,0,4.789000034,1,14,5.370999813,6.903999805
0,0,1,1,1,1,8,96,48,66,23,37,11,11,1.582999945,15.22799969,2,3,5.743000031,7.090000153
0,0,0,0,1,1,12,113,30,73,21,29,15,15,2.681999922,9.326999664,1,8,6.357999802,7.434999943
0,1,0,1,1,1,14,106,38,66,22,36,10,10,3.332999945,14.54399967,1,3,5.480999947,6.531000137
0,0,1,1,1,1,8,104,37,69,21,32,13,13,0.128000006,9.050000191,4,5,5.743000031,6.625
0,0,0,1,1,1,12,104,30,73,22,30,12,13,0,3.809999943,0,2,6.109000206,6.723999977
0,0,0,1,1,0,16,122,36,70,20,30,12,13,0.381000012,8.222000122,1,1,5.297999859,6.361999989
0,0,0,1,1,1,12,96,38,66,20,34,12,12,0,13.43099976,3,3,5.415999889,6.510000229
0,0,0,1,1,1,16,95,51,69,25,36,15,15,2.308000088,12.41100025,0,9,5.846000195,7.823999882
0,0,0,0,1,1,16,105,24,69,20,31,12,12,0,4.861000061,1,8,5.822999954,6.980999947
0,0,1,1,1,1,12,91,41,73,25,33,17,17,1.177999973,8.18999958,2,9,6.684999943,7.078000069
0,0,1,1,1,1,12,96,37,71,22,31,16,16,0.753000021,9.371999741,1,7,5.421000004,6.724999905
0,0,0,1,1,1,9,111,44,68,19,31,14,15,0.377999991,12.30500031,1,9,5.370999813,7.022999763
0,0,0,1,1,1,9,110,35,68,19,31,14,16,0,1,1,11,5.520999908,6.763000011
0,0,0,1,1,1,9,97,37,73,21,29,16,16,4.532999992,10.11400032,0,7,5.991000175,6.693999767
0,0,0,0,1,1,8,125,44,73,27,35,17,18,0,6.393000126,4,12,6.609000206,7.169000149
0,0,0,1,0,1,9,91,39,66,22,36,12,12,0,6.334000111,3,12,5.730000019,6.806000233
0,0,0,1,0,1,8,86,28,66,23,37,11,12,3.259000063,17.19099998,1,15,5.699999809,6.802000046
0,0,1,1,1,1,9,110,32,66,21,35,12,12,3.332999945,17.58799934,2,0,5.505000114,6.438000202
0,1,1,1,0,1,12,92,47,66,22,36,14,14,2.332999945,15.77700043,1,1,5.55700016,7.368999958
0,0,1,1,0,1,9,85,41,66,24,38,10,10,1.378000021,15.30200005,2,16,5.370999813,6.868999958
0,0,1,1,0,1,8,120,36,73,26,34,17,17,0.35800001,7.335999966,1,8,6.438000202,7.339000225
0,0,1,1,1,0,12,106,42,73,25,33,12,12,6.886000156,11.42700005,0,6,6.309999943,7.012000084
0,1,0,0,0,1,12,112,41,70,21,31,16,16,0.236000001,6.322999954,1,6,5.730000019,7.156000137
0,0,1,1,1,1,10,91,39,66,24,38,10,12,0,12.58100033,1,2,6.152999878,6.646999836
0,0,1,1,1,1,10,90,42,66,24,38,12,12,2.644999981,16.18000031,3,0,5.991000175,6.907999992
0,0,0,1,0,0,12,113,27,68,17,29,12,12,0.096000001,10.6789999,1,10,5.074999809,6.619999886
0,0,1,1,1,1,12,111,51,66,24,38,12,13,0,5.037000179,2,16,5.822999954,6.482999802
0,0,0,1,1,1,12,111,30,67,20,33,12,12,2.378000021,15.30200005,1,3,5.197999954,6.399000168
0,0,0,1,1,1,8,106,32,70,18,28,12,13,0.451999992,10.28299999,1,11,5.011000156,6.396999836
0,0,0,0,0,1,12,98,28,68,18,30,12,12,0.231000006,11.44200039,1,10,5.164999962,6.071000099
0,0,0,1,0,1,12,105,28,68,18,30,12,12,0,11.14400005,1,7,5.497000217,7.079999924
0,0,1,1,0,0,10,105,29,66,19,33,10,12,0.977999985,14.93500042,1,15,5.602000237,6.453000069
0,0,1,1,1,1,12,118,44,70,22,32,13,13,0,9.357999802,4,14,6.18200016,7.111000061
0,0,1,1,1,1,12,90,38,66,22,36,12,12,4.666999817,18.61499977,5,19,5.816999912,7.047999859
0,0,0,0,1,1,9,95,34,67,19,32,12,12,0.981000006,14.53100014,3,11,5.056000233,6.763000011
0,0,1,1,1,1,12,112,24,71,20,29,13,14,0.411000013,9.296999931,3,5,6.059000015,6.938000202
0,0,1,1,1,1,12,120,39,71,23,32,12,12,0.402999997,9.31400013,2,11,5.991000175,6.955999851
0,0,0,1,1,1,12,123,41,68,17,29,12,12,0.377999991,11.75399971,1,1,5.164999962,6.907999992
0,0,0,1,1,1,16,103,32,70,20,30,12,13,0.782000005,10.23600006,1,11,6.059000015,7.007999897
0,0,1,1,1,1,16,121,40,70,25,35,18,18,0.896000028,10.7489996,1,7,6.438000202,7.561999798
0,0,1,1,1,1,12,90,44,68,26,38,16,16,0,9.152000427,4,16,6.06799984,7.204999924
0,0,0,1,1,1,12,125,32,71,20,29,12,12,2.65199995,11.47799969,1,10,5.56099987,6.696000099
0,0,0,1,1,1,9,109,34,73,24,32,18,18,3.186000109,10.1079998,0,3,6.323999882,7.309999943
1,0,0,0,1,0,10,128,46,68,21,33,16,16,0.404000014,9.984000206,1,1,6.074999809,7.204999924
0,0,0,1,1,1,12,97,35,66,17,31,12,12,0.333000004,9.871999741,1,4,5.820000172,7.090000153
0,1,1,1,1,1,12,96,35,66,19,33,12,12,0,6.179999828,1,0,5.297999859,6.215000153
0,0,0,1,1,1,12,97,44,68,16,28,12,12,0.768999994,11.79699993,1,5,5.366000175,7.18900013
0,0,1,1,1,1,7,112,39,71,25,34,12,12,4.985000134,14.98099995,1,3,6.333000183,6.684999943
0,0,1,1,1,1,2,88,32,66,24,38,12,12,4,16.36199951,1,7,5.256999969,6.684999943
0,0,1,1,1,1,14,97,39,66,22,36,12,12,1.14199996,15.19699955,2,16,5.857999802,6.940999985
0,0,1,1,1,1,6,101,41,66,22,36,12,12,0,3.907999992,2,12,5.520999908,6.888000011
0,0,1,1,1,1,7,106,42,67,21,34,10,10,5.333000183,18.6609993,1,12,5.438000202,6.78399992
0,0,0,0,1,1,8,59,28,73,26,34,10,10,6.321000099,10.76500034,0,5,5.297999859,6.173999786
0,0,1,1,1,1,12,105,54,73,26,34,18,18,0.372000009,7.272999763,6,14,6.234000206,6.828000069
0,0,0,0,1,1,12,119,30,70,21,31,16,17,0,8.010000229,1,5,5.565000057,6.239999771
0,0,0,0,1,1,8,93,36,67,24,37,11,11,4.402999878,17.22599983,3,16,5.617000103,7.007999897
0,1,1,1,1,1,12,82,38,66,22,36,12,12,4.717000008,18.58699989,5,10,5.56099987,7.084000111
0,0,0,1,1,1,16,134,45,71,25,34,18,18,0,6.303999901,1,7,6.071000099,7.927000046
0,0,0,1,1,1,8,84,29,70,20,30,12,12,0.395000011,9.350000381,1,6,6.215000153,6.657999992
0,0,0,1,1,1,12,98,36,69,20,31,11,11,2.961999893,12.66699982,3,6,5.703999996,6.855999947
0,0,0,1,1,0,13,118,41,73,22,30,16,16,4.05700016,10.94200039,1,8,5.656000137,7.239999771
0,0,1,1,1,1,12,113,50,73,25,33,17,17,3.711999893,12.71899986,2,9,5.837999821,7.309999943
0,0,0,1,1,1,9,100,18,70,18,28,12,12,1.307999969,4.460999966,1,3,5.297999859,6.477000237
0,0,0,1,1,1,12,93,27,69,18,29,12,13,0,8.616000175,2,5,5.488999844,6.506999969
1,0,1,1,1,1,12,119,30,71,23,32,16,16,0,5.014999866,1,8,6.027999878,7.026000023
0,0,0,1,1,1,12,106,38,70,22,32,14,15,0.388999999,8.463000298,2,0,5.520999908,7.784999847
0,0,0,0,1,1,10,127,49,73,28,36,17,18,2.378000021,9.373999596,6,14,6.763000011,7.548999786
0,0,0,1,1,1,12,113,35,68,21,33,15,16,0.731000006,10.04599953,1,9,6.215000153,6.630000114
0,0,0,1,1,1,12,115,36,70,19,29,13,14,0.395000011,9.074000359,1,1,5.837999821,7.131000042
0,0,0,1,1,1,12,102,40,73,23,31,16,16,1.004999995,7.818999767,3,11,6.296999931,7.058000088
0,0,1,1,1,0,12,117,51,69,21,32,16,16,0.462000012,11.39500046,1,12,6.125,7.002999783
0,0,0,1,1,1,10,125,34,73,20,28,16,16,0.204999998,6.794000149,0,5,5.635000229,6.571000099
0,0,1,1,1,0,8,118,47,66,23,37,16,16,2.167000055,16.10000038,3,17,5.837999821,7.184000015
0,0,1,1,1,1,12,121,40,71,29,38,18,18,4.971000195,13.96500015,1,3,6.644999981,7.251999855
0,0,1,1,1,1,12,115,51,68,26,38,17,17,0,3.894999981,4,4,6.357999802,7.678999901
0,0,1,1,1,0,12,120,44,71,27,36,13,14,2.461999893,11.24600029,7,16,6.28000021,7.149000168
0,0,1,1,1,1,11,109,43,69,24,35,12,12,5.131000042,16.13899994,4,15,5.868999958,7.039000034
0,0,0,0,1,1,12,109,28,67,17,30,12,13,0,7.03000021,1,4,5.164999962,6.359000206
0,0,1,1,0,0,12,85,50,71,29,38,12,12,10.07699966,17.42900085,2,8,6.119999886,6.964000225
0,0,0,1,1,1,11,106,32,73,21,29,14,14,1.537999988,8.520999908,2,9,5.672999859,6.619999886
0,0,1,1,1,1,10,101,30,67,17,30,12,12,0.377999991,11.38099957,1,6,5.011000156,6.907999992
0,0,0,1,1,1,12,116,40,67,17,30,12,12,0,9.12899971,1,7,5.528999805,6.857999802
0,0,0,1,1,1,7,91,24,67,18,31,12,12,0.962000012,12.93700027,1,2,4.941999912,6.453000069
0,0,0,1,1,1,11,91,28,66,20,34,12,12,0.333000004,12.52000046,3,1,4.913000107,7.131000042
0,0,0,1,1,1,7,110,34,66,20,34,9,12,0,6.090000153,1,15,5.415999889,6.514999866
0,0,1,1,1,1,7,75,33,73,24,32,12,12,6.699999809,11.29199982,0,6,5.164999962,5.991000175
0,0,0,1,1,1,12,94,17,71,20,29,12,12,0.963999987,8.630000114,1,8,5.074999809,6.357999802
1,0,0,1,1,0,12,109,27,71,20,29,13,13,1.583999991,10.49400043,1,7,6.020999908,6.380000114
0,0,1,1,0,0,8,122,38,71,22,31,16,16,0.874000013,9.80700016,1,10,5.706999779,6.828000069
0,0,0,0,1,1,11,102,26,71,23,32,12,12,0,5.548999786,2,2,5.297999859,7.131000042
0,0,1,1,1,1,8,122,38,70,23,33,14,14,2.688999891,10.52499962,1,8,5.583000183,7.002999783
0,0,1,1,1,1,10,105,38,66,23,37,12,12,4.377999783,17.74600029,2,2,5.586999893,7.03000021
0,0,0,0,1,1,9,113,37,66,22,36,12,12,2,14.13500023,2,4,5.493000031,6.480000019
0,0,1,1,1,1,8,104,34,73,22,30,12,12,3.931999922,6.31099987,0,2,5.872000217,6.427000046
0,0,1,1,1,1,9,124,43,73,26,34,16,16,0.377000004,7.309999943,6,14,6.176000118,6.868999958
0,0,0,1,0,0,12,110,31,67,19,32,12,13,1.218000054,13.80000019,1,11,5.19299984,6.270999908
0,0,0,1,1,0,12,95,37,66,19,33,12,12,1.832999945,15.66399956,1,14,5.520999908,6.705999851
0,0,1,1,0,0,18,120,39,73,24,32,16,16,1.422000051,8.44299984,2,9,6.125,6.868999958
0,0,0,1,0,0,12,105,39,66,24,38,12,12,4.964000225,18.97900009,1,15,5.263000011,6.732999802
0,0,0,1,0,0,12,121,30,73,20,28,16,16,0.481999993,6.724999905,0,4,5.888999939,6.763999939
0,0,1,1,1,1,8,96,42,70,26,36,12,14,0,1,7,1,6.585999966,7.784999847
0,0,0,1,0,1,9,110,26,66,18,32,12,12,2.135999918,15.97900009,1,2,5.528999805,7.026000023
0,0,0,1,0,0,12,92,32,67,18,31,12,12,0,8.104999542,1,8,5.164999962,7.056000233
0,0,1,1,1,1,9,98,34,71,29,38,12,12,7.991000175,14.61699963,4,5,6.071000099,6.583000183
0,0,1,1,1,1,11,109,43,67,23,36,15,16,0.846000016,14.10499954,1,13,5.758999825,7.482999802
0,0,0,1,1,0,11,118,44,67,23,36,17,18,0.331,13.30900002,1,5,5.999000072,7.551000118
0,0,1,1,1,1,14,97,42,69,23,34,16,18,0,7.276000023,3,14,5.872000217,6.918000221
0,0,1,1,1,1,16,95,42,71,28,37,17,17,0,5.322999954,2,11,6.09100008,6.877999783
0,0,1,1,1,1,10,99,40,73,26,34,12,12,1.866000056,8.694999695,3,2,6.176000118,6.263000011
0,0,1,1,0,0,10,106,31,68,18,30,12,12,0.377999991,12.01099968,1,13,5.540999889,6.263000011
0,0,0,1,1,0,12,117,33,68,18,30,12,12,0.962000012,9.68900013,1,3,5.460000038,6.506999969
0,0,1,1,0,0,12,90,47,66,23,37,12,12,6.377999783,18.55500031,7,4,5.520999908,6.215000153
0,0,0,1,1,1,12,95,44,66,21,35,12,12,4.5,18.48800087,1,15,5.209000111,6.309999943
0,0,0,1,1,1,12,115,43,66,18,32,12,12,1.332999945,14.15799999,1,1,5.454999924,6.215000153
0,0,0,0,1,1,12,106,40,71,22,31,14,15,1.503000021,10.45800018,5,5,5.635000229,6.589000225
0,0,0,1,0,0,8,114,26,68,18,30,12,12,0,6.458000183,1,8,5.297999859,6.763000011
0,1,0,1,0,1,12,92,34,70,20,30,12,13,0.717000008,8.465000153,2,2,5.793000221,6.986000061
0,0,1,1,0,0,13,119,36,73,23,31,16,17,1.707999945,8.664999962,2,9,6.306000233,7.172999859
0,0,0,1,0,0,13,85,32,70,20,30,13,13,0.677999973,6.447999954,1,1,4.927000046,6.354000092
0,0,0,1,0,0,12,98,34,71,21,30,16,16,0.365999997,7.077000141,1,1,5.857999802,6.434999943
0,0,1,1,0,0,12,114,30,73,20,28,12,13,1.457999945,8.407999992,3,10,5.586999893,6.243999958
0,0,1,1,0,1,8,84,42,66,23,37,18,18,0.377999991,14.33500004,1,4,5.011000156,7.149000168
0,0,1,1,0,0,16,108,42,66,19,33,13,13,0.333000004,12.51900005,1,9,5.152999878,6.897999763
0,0,1,1,0,0,8,107,32,67,20,33,12,12,4.066999912,15.57800007,1,6,5.402999878,6.396999836
0,0,1,1,0,0,16,84,35,66,24,38,12,12,3.211999893,16.9640007,3,2,5.451000214,7.056000233
0,0,1,1,0,0,10,86,22,69,18,29,12,12,0.377999991,11.25199986,2,9,5.164999962,6.215000153
0,0,0,1,0,0,10,88,27,66,21,35,12,12,3.378000021,17.2689991,4,18,5.540999889,6.677999973
0,0,1,1,1,1,12,117,45,70,23,33,16,16,0.875999987,9.845000267,1,7,6.136000156,7.131000042
0,0,0,0,1,1,12,110,42,73,22,30,16,16,5.768000126,12.60499954,2,9,6.191999912,6.921999931
0,0,1,1,1,1,9,104,32,71,24,33,12,13,4.897999763,12.60200024,1,3,6.619999886,7.131000042
0,0,0,1,1,1,9,110,26,70,19,29,13,14,0,3.917999983,3,13,5.670000076,6.816999912
0,0,1,1,1,1,11,99,33,73,22,30,16,16,3.121000051,8.562999725,1,8,5.951000214,7.204999924
0,0,0,1,1,1,12,117,31,70,18,28,12,14,0,7.025000095,1,1,5.670000076,7.131000042
0,0,1,1,0,1,8,85,39,71,23,32,16,16,0,8.352000237,1,2,5.710000038,6.710999966
0,0,1,1,0,1,11,114,36,73,21,29,16,16,4.190999985,9.444999695,0,7,5.846000195,6.677000046
0,0,1,1,0,0,12,107,30,73,21,29,15,18,0,6.267000198,5,3,5.690000057,6.254000187
0,0,1,1,1,1,12,117,41,69,26,37,18,18,0.628000021,11.53800011,1,12,6.40199995,7.455999851
0,0,1,1,1,1,16,112,47,73,30,38,18,18,2.397000074,9.347999573,3,10,6.644999981,7.561999798
0,0,1,1,1,1,14,106,46,71,28,37,18,18,1.013000011,9.812999725,1,2,6.421999931,7.052000046
0,0,0,1,1,1,12,116,38,70,21,31,14,15,0,9.369999886,1,4,5.846000195,7.678999901
0,0,0,1,1,1,8,123,44,70,21,31,14,14,0,8.345999718,3,7,5.953000069,6.828000069
0,0,0,1,1,1,8,118,40,68,21,33,16,16,0.377999991,12.38799953,1,13,6.071000099,7.017000198
0,0,1,1,1,1,12,103,29,69,23,34,12,12,0,9.927000046,1,11,6.5,7.313000202
0,0,1,1,1,1,8,114,40,66,23,37,12,14,5.333000183,19.68300056,2,3,5.649000168,6.717000008
0,0,1,1,1,1,12,102,36,66,21,35,12,12,4.272999763,16.38299942,5,8,5.099999905,6.842999935
0,0,0,1,1,1,6,104,36,66,22,36,12,12,4.732999802,18.72299957,1,15,5.59800005,6.886000156
0,0,0,0,1,1,14,112,43,66,19,33,14,14,0.377999991,14.26900005,1,12,5.56099987,6.938000202
0,0,0,1,1,1,12,107,39,68,18,30,12,12,0.345999986,9.737000465,1,1,5.693999767,7.147999763
0,1,1,1,1,1,12,117,36,71,25,34,13,14,4.933000088,15.7130003,3,12,5.872000217,7.034999847
0,0,1,1,1,1,12,96,42,66,19,33,12,12,0,8.494000435,2,9,5.297999859,7.199999809
0,0,0,1,1,1,8,97,27,69,18,29,12,12,0.354000002,9.925999641,1,6,5.914000034,6.84100008
0,1,0,1,1,0,8,99,29,69,19,30,10,10,2.628000021,12.03899956,1,2,5.394000053,5.927000046
0,0,0,0,1,1,8,126,44,70,21,31,14,14,0.906000018,10.2840004,3,1,5.78399992,6.835000038
0,0,0,1,1,0,12,109,49,67,25,38,17,17,0.981000006,13.08100033,1,4,5.886000156,7.052000046
0,0,0,1,1,1,12,119,48,68,21,33,16,16,0.057999998,12.47099972,0,1,4.941999912,6.433000088
0,0,1,1,1,1,12,102,38,73,21,29,16,16,3.142999887,10.03100014,1,1,5.857999802,6.735000134
0,0,0,0,1,1,9,105,45,66,24,38,17,18,0,7.263999939,1,15,5.352000237,6.644999981
0,0,0,1,1,0,12,117,40,71,20,29,16,17,0,7.907999992,1,5,5.665999889,6.375
0,0,0,1,1,1,12,112,40,66,24,38,16,16,3.25,17.2310009,4,18,5.934999943,7.561999798
0,0,0,1,1,1,8,89,28,67,16,29,10,12,0,7.423999786,0,3,5.356999874,6.964000225
0,0,0,0,1,1,12,131,39,70,18,28,12,12,0,7.043000221,1,1,5.758999825,6.032000065
0,0,1,1,1,1,16,114,28,73,20,28,16,16,0.815999985,6.488999844,0,6,6.296999931,7.092000008
0,0,0,1,1,1,10,98,35,66,23,37,12,14,4.711999893,17.89800072,6,2,5.736999989,7.051000118
0,0,0,1,1,1,12,125,30,71,20,29,13,14,1.360999942,10.00699997,2,11,6.039999962,7.092000008
0,0,0,1,1,1,10,100,38,69,25,36,16,18,2.378000021,13.3920002,1,3,5.837999821,6.566999912
0,0,0,1,1,1,8,113,26,70,18,28,12,12,0,6.576000214,4,3,5.617000103,6.744999886
0,0,0,1,1,1,10,102,46,68,23,35,16,16,1,13.49699974,1,11,5.663000107,6.907999992
0,0,0,0,1,1,12,82,33,73,23,31,18,18,0.377999991,7.302000046,5,8,5.438000202,6.195000172
0,0,1,1,1,1,12,112,47,66,21,35,14,14,1.575000048,15.39299965,2,4,5.65199995,6.907999992
1,1,0,1,1,1,8,111,38,73,23,31,16,16,0,10.90299988,0,4,5.402999878,6.763000011
0,0,0,1,1,1,11,96,24,69,19,30,13,13,0,2.789000034,1,3,5.297999859,7.225999832
0,0,0,1,1,1,16,127,48,66,23,37,16,16,1.332999945,15.60900021,1,12,5.693999767,7.368999958
0,0,0,1,1,1,8,97,47,67,24,37,14,15,1,13.98900032,1,14,6.215000153,7.379000187
0,1,1,1,1,1,12,120,50,69,25,36,14,14,0.795000017,11.85499954,2,13,6.619999886,8.031999588
0,0,0,0,1,1,16,101,41,73,27,35,16,16,0.397000015,7.386000156,2,9,5.991000175,6.800000191
0,0,0,1,1,1,12,120,40,66,23,37,14,14,3.332999945,15.65200043,2,2,5.81099987,6.809000015
0,0,0,0,1,1,5,110,23,66,18,32,12,12,1.332999945,15.17199993,3,13,5.820000172,6.097000122
0,0,0,1,1,1,5,94,35,67,17,30,9,12,0,9.213000298,1,0,4.828000069,5.664999962
0,0,1,1,1,1,17,120,50,70,27,37,16,16,2.260999918,12.17399979,5,15,6.291999817,7.275000095
0,0,1,1,1,1,8,108,45,66,22,36,12,12,5.377999783,19.37400055,7,21,5.663000107,6.868999958
0,0,0,1,1,1,11,103,31,66,19,33,9,12,3.582999945,17.12599945,1,10,5.846000195,6.980000019
0,0,1,1,1,1,11,106,36,67,22,35,12,12,1,13.83500004,6,19,6.015999794,7.131000042
0,0,0,0,1,1,12,119,37,73,29,37,16,16,0.377999991,6.960999966,10,18,6.492000103,6.956999779
0,0,1,1,1,1,8,87,33,71,27,36,12,12,7.282000065,17.82099915,1,9,5.857999802,6.984000206
0,0,1,1,1,1,11,121,49,68,22,34,16,17,0,11.64500046,1,13,5.464000225,6.482999802
0,0,0,1,1,1,12,112,33,70,20,30,12,12,0,7.612999916,1,10,5.425000191,6.659999847
0,1,1,1,1,0,12,103,36,71,27,36,12,15,0,8.43500042,7,2,6.081999779,6.945000172
0,0,1,1,1,1,16,99,48,66,23,37,16,16,1.332999945,16.23800087,1,14,5.846000195,7.561999798
0,0,1,1,1,1,12,101,40,66,23,37,14,15,1.378000021,15.26399994,3,17,5.758999825,7.092000008
0,0,1,1,1,1,8,109,41,69,25,36,13,14,0.377999991,11.31799984,3,14,5.749000072,6.808000088
0,0,0,1,1,1,12,73,46,68,19,31,12,12,0,6.236999989,1,8,5.835000038,6.790999889
0,1,1,1,1,0,16,116,27,70,21,31,16,16,0.31099999,10.1619997,1,7,5.78399992,6.705999851
0,0,0,0,1,1,12,98,42,69,18,29,12,12,0,9.862000465,1,2,5.142000198,6.699999809
1,1,0,1,1,1,14,104,43,70,20,30,13,14,0.328000009,5.880000114,1,2,5.297999859,6.357999802
0,0,0,1,1,1,12,78,29,68,19,31,12,14,0,9.00399971,0,2,4.920000076,6.627999783
0,0,1,1,1,1,12,85,39,66,20,34,11,12,2.128000021,14.02999973,1,1,5.297999859,7.052000046
0,0,0,1,1,1,12,104,25,68,17,29,12,12,0.453000009,12.38500023,1,7,5.380000114,6.93200016
0,0,1,1,1,1,8,109,48,66,23,37,12,12,6.377999783,20.2840004,8,22,5.758999825,6.90899992
0,0,0,1,1,1,10,96,33,69,19,30,13,13,0,10.72200012,1,12,5.480999947,7.114999771
0,0,1,1,1,0,12,90,32,66,23,37,12,12,4.333000183,17.03199959,4,1,5.394000053,6.571000099
0,0,1,1,1,1,12,103,29,73,24,32,15,15,1.462000012,8.397999763,2,3,6.152999878,6.907999992
0,1,1,1,1,1,14,106,41,68,21,33,16,16,0.333000004,12.34200001,1,13,5.934999943,7.633999825
0,0,1,1,1,1,14,96,32,73,22,30,16,16,4.235000134,11.1079998,0,5,6.105000019,6.815999985
0,1,1,1,1,1,8,114,39,70,20,30,12,12,0.492000014,7.756999969,2,5,5.297999859,6.396999836
0,0,0,1,1,1,9,86,33,66,17,31,10,11,0.333000004,12.98200035,1,1,4.787000179,6.856999874
1,1,1,1,1,1,13,110,38,73,24,32,16,16,1.753000021,8.479999542,0,5,6.052000046,6.566999912
0,0,1,1,1,1,12,87,41,66,24,38,12,12,4.295000076,18.26300049,7,9,5.852000237,7.047999859
0,0,0,1,1,1,13,89,31,69,17,28,12,12,0,9.159999847,2,5,5.297999859,6.907999992
0,0,1,1,1,1,8,106,40,67,18,31,12,12,1.769000053,14.7489996,1,10,5.743000031,6.735000134
0,0,0,1,1,1,5,100,43,67,19,32,12,12,0.910000026,12.28100014,1,3,5.475999832,5.991000175
0,0,1,1,1,1,16,111,38,67,21,34,12,12,4.427999973,17.44599915,1,14,5.857999802,7.068999767
0,0,1,1,1,1,12,100,40,66,23,37,12,12,3.515000105,17.62000084,4,2,5.927000046,7.092000008
0,0,1,1,1,1,12,114,38,67,20,33,12,12,3.378000021,16.36499977,4,17,5.663000107,7.274000168
0,0,1,1,1,1,13,98,45,73,26,34,18,18,0,5.05700016,0,1,6.032999992,6.287000179
0,0,0,1,1,1,9,89,24,68,18,30,11,11,0.795000017,12.79500008,1,10,5.857999802,6.660999775
0,0,1,1,1,1,11,74,23,67,17,30,10,10,0.462000012,13.41899967,1,9,5.297999859,6.619999886
0,0,1,1,0,1,11,130,29,68,26,38,13,13,2.795000076,14.36900043,3,1,5.703999996,6.551000118
0,0,1,1,1,1,12,108,51,71,27,36,16,16,0.36500001,9.411000252,1,4,6.164999962,7.204999924
0,0,1,1,0,0,10,98,31,66,19,33,12,12,2.332999945,16.09399986,2,12,5.388999939,6.684999943
0,0,0,1,1,1,16,125,27,71,21,30,16,16,0.368999988,9.30700016,1,10,5.953000069,7.131000042
0,0,1,1,1,1,12,104,29,73,21,29,16,16,0,4.727000237,1,8,5.762000084,7.007999897
0,0,0,0,1,1,8,98,33,69,19,30,12,14,3,11.81900024,0,1,5.55700016,6.163000107
0,0,1,1,0,0,11,104,37,73,25,33,15,15,0,6.063000202,3,4,6.032999992,6.636000156
0,0,0,1,1,1,8,120,33,66,22,36,12,12,4.617000103,18.49500084,5,19,5.520999908,6.868999958
0,1,0,0,1,1,8,134,38,67,17,30,12,13,0,9.38599968,1,9,5.297999859,6.580999851
0,0,1,1,1,1,8,92,28,66,20,34,9,9,4.25,18.40999985,4,13,5.375,6.684999943
0,0,1,1,0,1,13,129,34,73,22,30,16,16,4.547999859,11.47000027,2,9,5.866000175,6.488999844
0,0,1,1,0,1,12,118,42,71,27,36,13,14,0,4.348999977,7,16,6.191999912,7.146999836
0,0,0,1,0,0,12,107,37,69,17,28,12,12,0.377999991,10.78899956,1,7,5.820000172,7.179999828
0,0,1,1,1,1,12,92,37,66,24,38,12,12,5.460999966,19.40600014,1,15,5.605999947,6.714000225
0,0,0,1,1,1,16,118,33,73,21,29,16,16,0.377999991,6.455999851,0,7,4.828000069,7.274000168
0,0,1,1,1,1,12,108,38,73,23,31,17,17,0.66900003,6.515999794,0,3,6.052000046,7.243999958
0,0,1,1,0,0,12,119,42,66,22,36,12,12,5.333000183,19.73500061,1,5,5.209000111,6.945000172
0,0,0,1,0,0,8,109,29,69,18,29,12,12,0.414000005,11.43599987,1,12,5.500999928,6.504000187
0,0,1,1,0,0,8,91,41,71,27,36,12,12,9.086000443,17.90699959,1,10,5.907999992,7.002999783
0,0,0,1,0,1,12,118,38,69,19,30,14,14,0,8.552000046,1,7,5.297999859,6.907999992
0,0,0,1,0,0,14,119,37,68,18,30,13,13,0,9.137999535,1,2,5.370999813,6.260000229
0,0,0,1,0,0,14,103,33,68,19,31,13,14,1.31400001,13.2489996,1,13,6.15899992,7.013000011
0,0,1,1,0,0,12,120,25,73,20,28,16,16,0,6.072000027,0,4,5.927000046,6.868999958
0,0,1,1,1,1,8,122,40,67,21,34,16,18,0,6.164999962,1,13,5.093999863,6.59100008
0,0,0,1,0,1,8,119,35,69,17,28,12,12,0.423000008,9.204999924,2,5,5.297999859,6.537000179
0,0,1,1,0,0,9,104,37,71,29,38,11,11,7.31799984,14.94400024,6,7,6.438000202,6.918000221
0,1,0,1,0,1,8,96,22,69,18,29,10,11,0.736999989,7.136000156,0,2,5.402999878,6.396999836
0,0,1,1,0,0,8,83,36,67,21,34,12,12,2.914000034,15.80500031,4,17,5.415999889,6.389999866
0,0,0,1,0,1,10,88,27,69,18,29,12,12,0.462000012,9.296999931,0,2,5.768000126,6.506999969
0,0,0,1,0,0,8,96,43,66,22,36,12,12,2.994999886,16.88299942,4,18,5.297999859,6.676000118
0,1,1,1,1,0,12,123,42,66,24,38,17,17,1.832999945,14.39000034,2,7,6.008999825,7.274000168
0,1,1,1,1,1,11,108,43,66,20,34,12,12,2.332999945,14.27200031,1,8,5.011000156,6.506999969
0,0,0,1,1,1,12,116,35,73,21,29,16,16,2.5,9.56000042,1,8,6.322999954,6.775000095
0,0,1,1,0,0,16,109,45,68,24,36,18,18,0.907999992,12.69999981,1,2,5.96600008,6.735000134
0,0,0,1,1,1,12,97,39,71,22,31,12,13,2.568000078,7.630000114,1,0,4.941999912,6.881999969
0,0,0,1,0,0,12,107,34,69,17,28,12,12,1,7.355000019,2,3,5.011000156,7.109000206
0,1,1,1,0,1,12,95,27,71,26,35,12,12,8.027000427,16.39699936,2,5,5.894000053,6.813000202
0,0,1,1,1,1,15,109,31,73,22,30,14,15,1.383999944,8.324000359,2,2,5.739999771,6.278999805
0,0,1,1,0,0,12,104,36,66,19,33,12,12,1.899999976,15.28100014,3,11,5.768000126,6.619999886
0,0,1,1,0,1,12,110,37,66,24,38,12,12,1.667000055,15.67199993,2,4,5.703999996,7.09499979
0,0,0,0,1,0,13,94,40,71,27,36,13,13,4.087999821,16.72200012,1,1,6.176000118,6.613999844
0,1,1,1,0,0,8,103,38,66,23,37,12,12,2.415999889,15.27099991,2,1,5.900000095,6.802000046
0,0,0,1,1,1,8,123,45,66,18,32,12,14,0,8.652000427,1,14,5.727000237,7.065000057
0,0,0,1,0,0,6,113,33,68,19,31,12,12,0.377999991,12.24600029,1,3,5.297999859,6.291999817
0,0,0,1,0,0,12,100,31,70,20,30,13,14,0,9.218999863,1,4,5.136000156,6.421999931
0,0,0,1,0,1,12,95,39,66,17,31,12,13,0,6.156000137,1,2,4.977000237,6.811999798
0,0,1,1,0,0,8,100,34,66,22,36,12,12,3.83100009,17.69599915,5,12,5.272999763,6.644999981
0,0,1,1,1,1,15,108,39,66,23,37,13,13,3.724999905,17.4109993,4,18,5.670000076,6.892000198
0,0,1,1,1,1,12,101,47,67,24,37,12,12,0.768999994,14.63000011,1,12,5.361000061,6.724999905
0,0,0,0,1,1,12,90,43,66,21,35,12,12,2.25,16.75099945,2,10,5.297999859,6.778999805
0,0,1,1,1,1,8,115,41,66,21,35,12,12,2.940000057,16.16500092,4,7,5.736999989,6.934000015
0,0,0,1,1,1,11,84,33,70,19,29,13,13,0.497000009,10.39099979,1,1,5.361000061,6.142000198
0,0,1,1,1,1,12,125,44,67,24,37,14,14,0,8.906000137,2,0,5.572000027,6.462999821
0,0,1,1,1,1,11,107,42,66,24,38,12,12,6.333000183,21.12100029,5,14,6.229000092,6.941999912
0,0,0,0,1,1,8,129,33,68,20,32,13,14,0,8.857999802,1,3,5.857999802,7.099999905
0,0,0,1,1,1,12,98,40,69,19,30,12,12,1.692000031,11.08399963,1,6,5.927000046,6.855999947
0,0,0,1,1,1,8,108,41,66,24,38,12,12,5.190000057,18.66699982,6,20,5.684000015,6.843999863
1,0,1,1,1,1,2,114,37,73,22,30,16,16,0.779999971,7.649000168,1,8,6.204999924,7.131000042
0,0,1,1,0,0,12,111,37,71,25,34,16,18,0,6.144999981,1,10,5.663000107,6.374000072
0,0,0,1,0,0,12,101,29,71,19,28,12,12,0.981000006,6.660999775,1,6,5.297999859,6.540999889
0,0,0,0,0,0,12,99,25,66,20,34,12,12,3.082999945,17.50099945,1,12,4.948999882,6.331999779
0,0,0,0,0,0,12,75,24,68,18,30,11,12,1.192000031,12.28999996,1,5,5.105999947,5.927999973
0,0,0,1,0,0,6,91,29,66,24,38,12,12,0,7.318999767,1,11,5.787000179,6.512000084
0,0,1,1,0,0,12,113,38,68,21,33,16,17,0,0.691999972,1,13,5.472000122,6.482999802
0,0,1,1,0,0,8,120,34,71,26,35,12,12,8.444000244,16.69000053,1,7,5.500999928,6.539999962
0,0,0,1,1,1,12,98,32,70,19,29,13,14,0.368999988,9.795000076,1,1,5.520999908,7.013000011
0,1,1,1,1,1,16,107,31,70,23,33,16,16,0.458000004,10.51200008,2,1,6.09800005,7.221000195
0,0,1,1,1,1,12,121,39,73,24,32,18,18,0.384000003,7.25,5,13,6.215000153,7.156000137
0,0,0,1,1,1,12,134,42,67,22,35,15,15,0,15.05700016,1,7,5.663000107,7.204999924
0,0,0,0,1,1,12,120,38,73,21,29,16,16,0.75,7.663000107,1,5,6.296999931,6.75
0,0,0,0,1,1,12,105,36,70,22,32,15,15,1.019999981,9.055000305,1,5,5.617000103,6.789000034
0,0,1,1,1,1,10,121,40,73,26,34,12,12,0,4.563000202,3,10,6.301000118,7.05700016
0,0,1,1,1,1,12,113,29,71,21,30,16,16,0.463,8.772999763,1,0,5.822999954,6.368999958
0,0,1,1,1,1,12,106,37,71,20,29,12,12,0,4.801000118,1,3,5.78399992,7.138999939
0,0,1,1,1,0,9,104,41,73,27,35,18,18,1.407999992,8.319000244,5,13,6.603000164,6.853000164
0,0,0,1,1,1,10,80,23,66,19,33,11,11,0,13.92399979,1,15,5.617000103,7.522999763
0,0,0,1,1,1,10,117,28,67,17,30,12,12,1,13.22599983,1,2,5.78399992,7.361999989
0,0,0,0,1,1,12,126,42,73,20,28,16,16,1.38499999,10.34899998,1,8,5.714000225,6.631000042
0,0,0,1,1,1,10,112,42,66,22,36,12,12,4.960999966,18.95700073,1,15,5.579999924,7.274000168
0,0,0,1,1,1,6,83,20,70,22,32,12,12,3.155999899,13.08300018,1,11,5.762000084,6.215000153
0,0,0,1,1,1,6,84,13,67,19,32,10,12,0,12.55900002,1,9,4.828000069,7.090000153
0,0,0,1,1,0,12,109,32,67,18,31,12,12,0.377999991,13.03100014,1,2,5.988999844,7.559999943
0,0,0,1,1,1,12,111,25,73,21,29,14,14,0,6.511000156,0,7,6.131000042,6.527999878
0,0,1,1,0,0,12,94,33,66,23,37,12,12,6.461999893,20.2859993,1,4,5.548999786,6.651000023
0,0,0,1,0,0,12,96,32,67,17,30,12,16,0,7.289000034,1,4,5.703999996,5.452000141
0,0,0,1,0,0,12,101,33,69,19,30,13,13,0.672999978,12.27299976,1,10,5.723999977,6.881999969
0,0,1,1,1,1,12,90,35,68,18,30,11,12,0,13.26000023,1,1,5.868999958,7.21999979
0,1,1,1,1,1,12,120,48,67,24,37,16,16,3.378000021,16.29800034,4,3,6.224999905,7.666999817
0,1,0,1,1,1,12,120,38,73,21,29,16,16,2.230999947,10.18000031,0,1,6.065999985,6.551000118
0,0,1,1,1,1,8,108,29,66,19,33,12,12,2.378000021,16.23600006,3,11,5.736999989,7.090000153
0,0,1,1,1,1,12,99,43,66,22,36,13,13,2.190000057,16.13100052,4,18,5.762000084,7.05700016
0,0,1,1,1,1,12,80,31,66,20,34,11,11,2.461999893,16.31200027,1,15,5.602000237,6.592000008
0,0,1,1,1,1,10,93,45,66,22,36,11,11,5.333000183,17.39299965,3,2,5.631000042,6.619999886
0,0,0,1,1,1,11,118,43,69,21,32,13,15,0.377999991,11.07900047,1,3,5.520999908,7.013000011
0,0,0,1,1,1,12,115,31,67,18,31,11,12,1,11.83399963,1,8,5.505000114,6.438000202
0,0,0,1,1,1,10,119,28,73,22,30,16,16,3.739000082,10.63000011,0,5,5.297999859,7.090000153
0,0,0,1,1,1,12,94,39,67,19,32,12,12,0,8.019000053,1,1,5.500999928,7.340000153
0,0,1,1,1,1,13,109,42,73,26,34,16,16,4.842000008,11.75699997,0,9,5.94299984,7.051000118
0,0,0,0,1,0,14,104,37,68,21,33,13,13,2.378000021,10.42399979,1,0,5.080999851,5.736999989
0,0,0,1,0,0,7,89,21,67,17,30,11,12,1.090000033,14.04800034,1,4,4.828000069,6.413000107
0,0,0,1,0,0,12,101,28,66,22,36,12,12,2.354000092,16.30699921,3,17,5.520999908,7.467000008
0,1,0,0,0,1,12,96,34,71,22,31,16,16,0,8.734000206,1,1,5.703999996,6.907999992
0,0,1,1,0,0,9,109,48,66,22,36,12,12,1.582999945,14.17500019,1,1,5.063000202,5.857999802
0,0,1,1,0,0,4,94,38,66,23,37,12,12,3.082999945,17.06299973,4,18,5.370999813,6.639999866
0,0,0,1,0,0,6,115,34,66,20,34,12,12,1.47300005,15.3039999,2,2,5.520999908,6.671999931
0,0,1,1,0,0,8,92,41,66,24,38,12,12,2.161000013,16.06100082,3,17,5.649000168,6.706999779
0,0,0,1,0,0,11,71,32,67,17,30,9,9,0.518999994,11.78299999,1,1,5.460000038,6.166999817
0,0,1,1,0,0,12,130,39,66,19,33,11,14,0,14.63399982,1,1,4.882999897,6.843999863
0,0,0,1,0,1,12,119,38,70,22,32,16,16,0.228,9.68200016,1,4,5.846000195,7.649000168
0,0,0,1,1,1,10,74,24,66,18,32,9,12,0.462000012,14.38899994,1,3,4.860000134,5.857999802
0,0,1,1,1,1,10,124,23,73,20,28,15,15,3.753999949,10.61200047,1,8,6.032999992,7.092000008
0,0,1,1,0,0,12,94,29,71,22,31,14,15,0.456999987,9.362000465,1,4,5.297999859,6.109000206
0,0,1,1,0,0,12,120,44,71,28,37,16,16,6.362999916,16.27300072,4,13,5.500999928,6.964000225
0,0,1,1,1,1,8,96,40,66,23,37,11,11,1.544999957,15.40699959,1,15,5.758999825,6.907999992
0,0,0,1,1,1,12,98,42,69,17,28,12,12,0.423000008,11.2130003,1,9,5.297999859,6.864999771
0,0,0,1,0,0,9,109,44,66,19,33,12,14,2.332999945,16.28100014,2,5,5.197999954,7.377999783
0,0,0,0,1,0,12,100,39,73,22,30,17,18,0,5.80700016,0,5,6.201000214,6.407000065
0,0,0,1,0,1,11,101,25,68,18,30,12,12,0.537999988,12.65299988,1,1,5.251999855,6.236999989
0,1,1,1,0,1,12,111,40,69,21,32,16,16,0.166999996,11.05500031,1,12,6.173999786,7.251999855
0,0,1,1,0,1,8,106,38,69,26,37,16,16,2.980999947,14.72799969,5,11,6.132999897,7.204999924
0,0,1,1,0,0,12,102,37,66,23,37,12,12,1.128000021,15.07499981,2,16,5.703999996,7.328000069
0,0,0,1,0,0,12,115,28,71,21,30,14,14,0.740999997,9.317000389,1,10,5.846000195,6.980000019
0,0,1,1,0,1,10,99,37,70,18,28,12,12,1.386999965,11.33199978,1,11,6.215000153,7.090000153
0,0,1,1,0,1,11,118,48,66,22,36,16,16,1.332999945,15.23700047,2,1,5.55700016,7.228000164
0,0,0,1,1,0,13,132,37,69,22,33,13,13,0,7.645999908,1,2,5.777999878,6.772999763
0,0,0,1,1,1,12,108,26,68,18,30,13,13,0.333000004,11.16600037,1,9,5.758999825,6.438000202
0,0,0,1,1,1,14,98,40,66,19,33,12,12,2.165999889,16.97599983,2,2,5.545000076,7.131000042
0,0,0,1,1,1,8,111,44,66,22,36,12,13,6.083000183,20.35899925,1,12,5.552999973,6.986999989
0,0,1,1,1,0,8,79,36,66,24,38,11,11,4.355999947,17.94099998,4,3,5.412000179,6.540999889
0,0,0,1,0,0,12,97,29,68,19,31,12,12,1,11.09700012,1,11,5.297999859,6.589000225
0,0,1,1,0,0,12,99,49,66,24,38,15,15,2.332999945,16.28300095,1,15,4.653999805,6.421999931
0,0,0,1,1,1,12,101,33,73,23,31,16,16,0,5.281000137,0,7,5.703999996,6.816999912
0,0,0,1,0,0,12,120,45,66,22,36,17,17,0,3.903000116,2,10,5.394000053,6.78399992
0,0,0,1,1,1,8,97,33,69,18,29,12,12,0.377999991,10.35700035,2,4,5.297999859,6.547999859
0,0,1,1,0,0,8,106,34,67,23,36,12,12,4.747000217,16.69799995,5,18,4.989999771,6.684000015
0,0,0,0,0,0,12,131,44,71,21,30,16,16,0.477999985,8.925000191,2,3,6.176000118,6.699999809
0,0,1,1,0,1,12,93,32,66,20,34,10,11,2.045000076,16.10099983,1,14,5.500999928,6.907999992
0,0,0,0,0,0,8,79,23,68,20,32,12,12,0.377999991,11.42300034,1,3,5.703999996,6.309000015
0,0,0,1,1,1,11,100,38,66,17,31,12,12,0.377999991,12.63399982,1,15,5.703999996,7.170000076
0,0,0,1,1,1,9,107,30,70,23,33,16,16,0.815999985,9.295000076,1,8,6.196000099,6.828000069
0,0,1,1,1,0,12,105,22,69,19,30,12,12,0.377999991,11.2840004,1,9,5.706999779,6.580999851
0,0,1,1,0,0,12,114,25,71,22,31,12,12,5.302000046,15.19799995,5,14,5.84100008,6.703000069
0,0,1,1,0,0,8,116,36,69,27,38,12,12,9.378000259,20.34399986,1,2,5.663000107,6.396999836
0,0,1,1,1,1,11,104,41,66,23,37,12,12,5.25,17.88199997,4,7,5.18200016,7.002999783
0,0,0,1,1,1,9,85,48,66,21,35,12,12,3.582999945,17.57099915,5,19,5.703999996,6.964000225
0,0,0,1,1,1,9,93,46,68,18,30,12,12,2.832999945,14.78600025,1,1,5.835000038,6.868999958
0,0,1,1,0,0,8,100,40,66,23,37,10,12,0,5.132999897,1,9,5.846000195,6.071000099
0,0,0,0,1,1,12,88,36,71,23,32,16,16,0.433999985,9.277000427,1,10,5.900000095,7.256000042
0,0,1,1,0,1,12,93,32,73,21,29,12,12,4.443999767,11.32699966,0,9,6.184000015,6.907999992
0,0,0,1,0,0,12,98,26,68,20,32,12,13,1.794999957,13.71199989,1,5,5.152999878,6.215000153
0,0,1,1,0,1,12,110,35,73,20,28,14,14,1.89199996,8.298999786,3,5,5.297999859,6.684999943
0,0,0,1,0,0,11,94,38,67,20,33,14,14,0.63499999,11.92000008,1,10,4.605000019,6.619999886
0,0,1,1,0,0,8,77,36,66,23,37,12,12,1.200999975,15.11600018,2,2,5.21999979,6.309999943
0,0,0,1,1,1,12,102,44,71,21,30,12,12,3.14199996,11.94499969,1,10,5.804999828,6.583000183
0,0,1,1,1,1,16,113,49,73,26,34,14,14,5.368999958,12.3760004,1,8,6.139999866,6.946000099
1,1,1,1,1,1,12,103,38,73,24,32,10,10,5.434000015,11.31700039,7,15,5.703999996,5.297999859
1,1,1,1,1,1,12,96,31,66,21,35,11,11,3.332999945,17.41300011,1,1,5.011000156,6.354000092
1,1,1,1,1,1,12,97,35,66,23,37,11,11,5.333000183,16.09499931,1,5,5.21999979,6.744999886
1,1,1,1,1,1,15,89,39,66,23,37,12,12,2.316999912,10.61100006,3,4,5.693999767,7.058000088
1,1,1,1,1,1,16,104,34,73,23,31,16,16,0.894999981,7.756999969,0,4,6.230000019,7.146999836
1,1,1,1,1,1,11,116,36,71,24,33,14,16,0,5.376999855,1,3,5.415999889,5.857999802
1,1,0,1,1,1,12,104,47,66,23,37,14,15,0,14.25599957,1,11,5.55700016,7.288000107
1,1,0,1,1,1,12,114,37,70,18,28,12,13,0.541000009,9.06400013,1,2,5.19299984,6.620999813
0,1,1,1,0,1,12,103,40,73,23,31,16,17,1.552999973,5.31099987,0,3,5.770999908,6.190000057
1,1,1,1,1,1,6,92,34,66,22,36,12,12,1.25,15.11499977,2,5,5.565000057,7.243999958
1,1,1,1,1,1,8,98,41,73,23,31,18,18,4.705999851,9.861000061,0,7,6.000999928,6.846000195
1,1,1,1,1,1,12,114,48,66,23,37,13,13,1.417000055,15.43299961,2,16,5.820000172,6.763999939
1,1,1,1,1,1,12,110,37,66,24,38,12,12,1.917000055,15.84700012,3,17,5.050000191,5.847000122
1,1,1,1,1,1,8,132,39,73,25,33,17,17,1.113000035,8.13599968,2,1,6.614999771,7.274000168
1,1,1,1,0,0,8,112,37,73,24,32,16,16,5.93200016,12.68099976,0,2,5.297999859,6.328000069
1,1,1,1,1,1,12,99,42,66,22,36,9,12,2.5,16.95999908,2,11,5.480999947,6.309999943
1,1,0,1,1,1,12,106,45,66,24,38,13,13,3.332999945,16.05400085,5,2,5.572000027,6.527999878
1,1,1,1,1,1,18,128,43,73,25,33,15,16,0.308999985,7.232999802,0,1,6.215000153,7.186999798
1,1,0,0,1,1,8,80,30,73,22,30,12,12,3.486000061,7.718999863,2,0,5.894000053,6.032000065
1,1,1,1,1,1,6,71,24,71,23,32,11,11,2.042999983,9.461000443,1,0,5.703999996,6.157000065
1,1,0,1,1,1,12,127,45,71,23,32,18,18,0.791999996,9.753000259,1,3,6.399000168,7.426000118
1,1,0,0,1,1,8,114,43,73,23,31,16,16,0,0.768999994,2,9,6.109000206,6.946000099
1,1,0,1,1,1,7,102,30,69,19,30,13,13,0.653999984,12.51200008,1,11,5.480999947,7.131000042
1,1,0,1,1,1,12,88,34,68,19,31,12,12,0.462000012,12.11499977,3,15,5.230999947,6.632999897
1,1,0,1,1,1,12,88,32,68,17,29,12,12,1,13.55000019,1,12,5.857999802,7.051000118
1,0,1,1,1,1,14,110,45,66,23,37,15,15,1.916000009,14.22500038,2,1,5.548999786,7.379000187
0,0,0,1,1,1,8,130,39,73,22,30,16,16,0,5.390999794,0,3,6.176000118,6.763000011
1,1,1,1,1,1,12,101,36,66,21,35,11,12,3.378000021,16.07600021,1,1,5.111999989,6.907999992
1,1,0,1,1,1,9,89,36,66,18,32,10,10,0.333000004,13.24400043,1,9,4.955999851,6.748000145
1,0,1,1,1,1,12,80,25,66,21,35,10,12,1.332999945,15.61800003,2,14,5.21999979,6.645999908
0,0,1,1,1,1,12,72,20,73,26,34,12,12,9.057999611,15.94900036,0,9,6.396999836,6.907999992
0,0,1,1,1,1,12,115,56,71,27,36,18,18,1.18900001,10.07199955,2,5,5.412000179,7.191999912
1,1,1,1,1,1,12,115,48,70,27,37,16,16,0.797999978,10.47900009,5,4,6.315000057,7.427999973
1,1,0,0,1,1,8,93,27,66,24,38,12,12,3.295000076,17.24799919,1,7,5.370999813,6.528999805
1,1,0,0,1,1,12,92,42,73,24,32,15,16,2.915999889,9.81400013,3,11,6.022999763,7.131000042
1,1,0,0,1,1,5,115,40,73,20,28,13,13,1.164000034,7.090000153,2,7,6.163000107,6.396999836
1,1,1,1,1,1,12,93,26,71,20,29,11,11,1.975000024,10.625,1,0,5.472000122,6.907999992
1,1,0,1,1,1,8,91,39,66,22,36,12,12,0.652999997,14.58899975,1,15,5.407000065,6.895999908
1,1,1,1,1,1,9,90,35,66,20,34,10,10,4.5,19.20899963,1,10,5.164999962,6.169000149
1,1,1,1,1,0,9,104,47,66,20,34,12,12,3.181999922,16.40099907,4,1,5.170000076,7.346000195
1,1,1,1,1,1,12,100,42,66,18,32,12,12,1.84800005,15.76399994,2,14,4.941999912,6.907999992
1,1,0,1,1,0,15,129,40,73,28,36,18,18,0,4.318999767,0,5,4.889999866,6.438000202
0,0,0,1,1,1,12,112,39,67,22,35,16,16,0.717000008,13.64900017,1,14,5.727000237,7.204999924
1,1,1,1,0,0,11,98,38,71,27,36,11,11,6.717000008,16.6590004,7,16,6.15500021,7.09100008
1,1,1,1,1,1,12,132,45,73,24,32,17,18,4.019000053,13.08300018,1,8,6.566999912,7.022999763
1,1,0,1,1,1,13,110,36,69,21,32,13,14,0,9.541999817,0,4,5.727000237,6.228000164
1,0,0,1,1,1,11,127,44,73,21,29,12,12,1.190999985,6.598999977,0,1,5.964000225,7.355999947
1,1,1,1,1,1,8,94,39,66,22,36,13,13,3.619999886,17.53800011,4,18,6.109000206,7.399000168
0,0,1,1,1,1,16,97,48,73,24,32,16,16,0,3.726999998,0,1,6.387000084,7.156000137
0,0,1,1,1,1,11,109,42,71,24,33,15,15,0.254999995,7.468999863,1,8,5.65199995,7.090000153
1,1,0,1,0,0,3,89,21,67,18,31,12,12,0,5.618999958,1,6,4.90500021,6.750999928
1,1,0,1,0,0,11,90,33,66,23,37,12,12,5.377999783,18.25499916,6,7,5.460000038,6.959000111
1,1,0,1,0,0,12,105,39,69,17,28,12,12,0,10.53600025,2,4,5.074999809,6.907999992
1,0,0,0,1,1,8,100,27,68,22,34,12,12,5.275000095,18.13199997,1,5,5.690000057,6.802000046
1,1,1,1,0,0,16,111,40,71,22,31,16,16,0.958000004,9.869000435,1,10,5.472000122,7.379000187
1,1,0,1,0,1,16,125,44,71,22,31,17,17,0,8.520000458,1,2,5.991000175,6.230999947
1,1,0,1,0,0,12,124,20,73,21,29,16,16,0,5.752999783,0,6,5.415999889,7.313000202
1,1,1,1,1,1,12,107,41,73,24,32,14,14,7.934000015,14.86999989,2,9,6.136000156,7.427999973
1,1,0,1,1,1,12,110,45,71,26,35,12,13,3.990999937,13.38700008,1,1,5.297999859,6.619999886
1,1,0,1,0,0,16,102,32,73,21,29,13,14,1.455000043,8.354000092,0,7,5.480999947,6.736999989
1,1,1,1,0,0,12,81,36,71,25,34,12,12,7.333000183,17.26499939,6,15,6.022999763,6.912000179
1,1,0,1,0,0,12,99,36,71,21,30,12,12,3.78399992,12.55300045,3,10,5.415999889,6.477000237
1,1,1,1,1,0,12,102,35,69,19,30,13,13,0,8.413999557,1,2,5.78399992,7.666999817
1,1,1,1,1,1,12,95,44,66,24,38,12,12,0,14.07900047,7,21,5.421000004,6.635000229
1,1,0,0,1,1,11,98,37,69,24,35,16,16,0.768999994,8.321000099,1,3,5.991000175,6.644999981
1,1,1,1,0,1,4,109,41,71,22,31,16,16,0.555999994,8.876000404,1,3,5.979000092,6.894999981
1,1,1,1,0,0,8,82,41,66,24,38,12,12,6.65500021,20.54899979,2,1,5.732999802,7.823999882
1,1,0,0,0,1,12,105,22,68,20,32,13,14,0,6.44299984,0,1,5.074999809,7.000999928
1,1,1,1,0,0,12,95,36,66,24,38,12,12,0,5.855000019,2,16,5.493000031,7.099999905
1,1,1,1,1,1,12,123,43,73,24,32,16,16,1.871999979,8.800999641,4,12,5.84100008,7.313000202
1,1,0,1,0,1,12,86,24,69,19,30,12,12,0,8.94699955,1,1,5.388999939,6.368999958
1,1,0,1,1,1,8,87,41,66,24,38,12,12,0,12.40400028,2,13,5.215000153,6.850999832
0,1,1,1,0,1,12,117,39,71,22,31,16,16,0.552999973,8.638999939,1,3,6.291999817,7.274000168
1,1,0,1,1,1,12,112,50,66,24,38,16,16,1.128000021,13.66100025,2,8,5.758999825,7.195000172
1,0,0,0,1,1,12,119,41,70,23,33,15,15,0,8.392000198,1,5,6.309999943,7.313000202
1,1,0,1,0,1,6,81,33,69,21,32,12,13,0.38499999,10.6260004,1,5,5.247000217,6.880000114
1,1,1,1,0,1,10,124,48,70,22,32,17,18,0.38499999,9.909000397,1,8,5.808000088,7.678999901
1,1,1,1,0,0,7,89,38,66,22,36,12,12,0,10.32699966,2,7,5.438000202,6.681000233
1,1,1,1,1,1,12,106,41,73,21,29,16,16,1.18900001,8.19699955,2,9,6.396999836,7.464000225
1,1,0,1,0,0,11,103,30,66,18,32,13,15,0.333000004,14.37800026,1,2,5.380000114,6.445000172
1,1,0,1,0,0,6,91,40,67,19,32,12,12,0.377999991,11.01000023,1,4,5.293000221,6.097000122
1,1,1,1,1,1,12,101,34,73,23,31,16,16,5.406000137,12.28299999,2,9,5.828999996,6.492000103
1,1,0,0,1,1,12,83,32,66,22,36,12,12,2.25,8.710000038,2,1,5.043000221,5.93200016
1,1,1,1,1,1,12,102,54,73,24,32,17,17,0.160999998,6.752999783,5,13,6.176000118,7.022999763
1,1,0,1,1,0,7,94,34,68,18,30,12,12,0.423000008,8.901000023,1,2,5.19299984,6.116000175
1,1,1,1,1,1,12,97,38,66,23,37,10,10,3.474999905,17.37100029,1,9,5.460000038,7.234000206
1,1,0,1,1,1,12,115,38,73,23,31,17,17,0,6.721000195,2,9,6.09100008,7.339000225
1,1,0,1,1,1,17,117,38,69,24,35,16,16,0.377999991,11.27400017,1,12,5.986000061,7.051000118
1,1,1,1,1,1,8,105,45,67,24,37,12,14,5.756000042,14.83899975,1,2,5.55700016,6.868999958
1,1,0,0,1,1,8,113,36,73,30,38,16,16,0.532999992,7.617000103,5,1,5.828999996,6.581999779
0,1,1,1,1,1,10,83,37,73,29,37,12,12,5.973999977,8.840999603,0,3,6.193999767,6.173999786
1,1,1,1,1,0,17,101,44,71,29,38,18,18,0.405999988,8.211000443,4,9,6.407000065,6.693999767
1,1,1,1,1,1,12,113,36,66,22,36,12,13,0,13.95400047,6,8,5.793000221,7.274000168
1,0,1,1,1,1,12,88,31,66,23,37,12,13,0.628000021,13.13500023,2,4,5.415999889,6.994999886
1,1,1,1,1,1,16,113,27,71,21,30,16,16,0.541000009,9.352000237,4,13,5.777999878,6.933000088
1,1,1,1,1,1,12,106,38,70,20,30,14,15,0,5.228000164,1,1,6.843999863,7.195000172
1,0,1,1,1,1,10,114,36,66,23,37,12,12,2.165999889,16.98800087,1,9,5.451000214,6.818999767
1,1,0,0,1,1,11,119,32,73,22,30,16,16,2.112999916,9.00399971,2,10,6.293000221,7.007999897
1,1,1,1,1,1,1,89,40,66,24,38,12,12,5.579999924,17.25,2,8,5.361000061,6.907999992
1,1,0,1,1,1,12,97,28,68,18,30,13,13,0.377999991,12.36499977,1,5,5.820000172,6.834000111
1,1,0,1,1,1,12,83,51,71,24,33,13,13,0.52700001,9.473999977,1,10,6.05700016,7.124000072
1,1,1,1,1,1,12,97,40,71,27,36,11,12,11.44400024,21.0359993,1,10,6.318999767,6.971000195
1,1,1,1,1,1,12,98,37,68,18,30,12,12,0,5.18599987,1,3,5.617000103,5.999000072
1,1,0,1,0,0,8,84,24,67,18,31,12,12,1.044999957,13.65600014,1,10,5.152999878,6.431000233
1,1,0,1,0,0,8,74,24,70,20,30,12,12,1.963999987,12.02200031,1,11,5.256999969,6.087999821
1,1,1,1,0,0,6,93,32,66,22,36,12,12,2.128000021,16.06299973,3,5,4.744999886,6.587999821
1,1,1,1,1,1,17,113,41,73,26,34,17,17,1.133999944,8.081999779,2,2,6.525000095,6.907999992
1,1,0,1,1,1,8,92,37,66,24,38,12,12,1.144999981,15.07800007,2,16,5.342000008,5.97300005
1,1,0,0,0,0,9,127,44,73,20,28,12,12,2.111000061,8.265999794,0,3,5.686999798,6.396999836
1,1,1,1,0,0,6,109,44,66,23,37,12,12,6.25,20.70199966,5,12,5.828999996,6.868999958
1,1,0,1,0,0,10,97,42,66,20,34,12,12,1.20599997,15.07400036,2,4,5.415999889,6.868999958
1,0,1,1,1,1,0,66,30,73,22,30,11,11,4.525000095,10.47299957,0,7,5.236000061,6.763000011
0,1,1,1,1,1,16,109,46,71,26,35,16,16,0.962000012,9.869999886,7,3,6.394000053,7.051000118
1,1,1,1,1,0,4,109,43,70,24,34,16,16,0.27700001,10.18799973,1,11,6.071000099,7.234000206
1,1,1,1,0,1,8,85,44,69,23,34,12,13,0,4.21600008,1,9,5.21999979,6.763000011
1,1,0,1,0,0,8,81,26,68,19,31,12,12,1.154000044,13.14700031,1,13,5.19299984,6.551000118
1,1,1,1,0,0,5,87,12,71,28,37,9,9,10.60900021,19.79500008,1,10,6.06400013,6.881999969
0,1,0,1,1,1,12,78,40,67,20,33,13,13,0.967999995,11.72900009,1,3,5.520999908,7.170000076
0,1,0,1,1,1,12,54,37,69,20,31,13,14,1,11.72200012,1,3,5.347000122,6.802000046
0,0,1,1,1,1,8,98,33,66,22,36,12,12,1.23300004,15.14299965,1,15,5.415999889,6.71999979
0,1,0,1,1,1,12,98,34,66,22,36,12,12,2.25,16.67200089,3,13,5.65199995,6.907999992
0,0,0,1,1,1,16,105,29,73,22,30,16,16,0.602999985,7.498000145,1,8,5.804999828,6.717999935
0,1,0,1,1,1,12,87,25,68,19,31,12,13,0,5.453999996,1,2,5.105999947,6.215000153
0,0,1,1,1,1,12,117,25,73,20,28,13,13,2.650000095,9.423999786,0,1,6.215000153,7.052000046
0,0,0,0,1,1,12,85,30,73,21,29,14,15,0,8.354000092,0,3,5.297999859,6.855999947
0,0,0,1,1,1,8,82,35,70,20,30,13,13,1.817000031,10.29399967,1,4,5.415999889,6.551000118
0,0,1,1,1,1,12,114,39,73,24,32,18,18,1.381000042,6.965000153,0,6,6.524000168,7.443999767
0,0,1,1,1,1,12,105,48,73,26,34,18,18,3.319999933,9.571000099,2,0,7.051000118,7.603000164
0,0,1,1,1,1,7,92,20,73,24,32,14,14,2.448999882,9.303999901,1,8,5.991000175,6.790999889
0,0,0,1,1,1,12,107,23,69,18,29,12,13,0,11.02200031,1,4,5.828999996,8.031999588
0,0,0,1,1,1,12,111,41,69,26,37,17,17,0,10.09399986,2,13,5.927000046,7.339000225
0,0,0,0,1,0,16,119,49,71,26,35,16,17,4.362999916,13.30599976,1,9,6.136000156,7.210999966
0,0,1,1,1,1,12,97,40,66,24,38,12,12,7.127999783,21.0909996,8,8,6.355999947,7.040999889
0,0,1,1,1,1,10,110,34,66,19,33,12,12,2.332999945,15.65600014,1,8,5.665999889,6.868999958
0,0,1,1,1,1,12,96,32,66,24,38,12,12,5.201000214,19.06299973,6,20,5.94299984,7.131000042
0,0,1,1,1,0,12,102,31,66,23,37,10,12,3.332999945,16.54599953,4,4,5.71999979,6.808000088
0,0,1,1,1,1,0,64,22,66,24,38,12,12,5.377999783,17.95599937,6,0,5.197999954,6.830999851
0,0,0,1,1,1,8,103,32,66,20,34,12,12,3,16.59300041,1,10,4.605000019,7.352000237
0,0,1,1,1,1,12,118,39,73,24,32,10,10,9.498000145,14.2329998,0,4,5.322999954,7.178999901
0,0,1,1,1,1,13,118,41,73,23,31,17,18,0,1,2,9,5.697000027,6.778999805
0,1,1,1,1,1,12,75,37,71,29,38,13,13,6.71999979,13.64000034,1,1,5.703999996,6.684999943
0,0,1,1,1,0,12,112,45,68,20,32,13,14,0,5.811999798,1,10,5.886000156,6.955999851
0,0,0,0,1,0,12,95,20,71,21,30,12,12,1.712000012,4.47300005,1,1,5.297999859,6.309999943
0,0,1,1,1,1,12,119,38,73,26,34,16,17,0,3.920000076,4,2,6.193999767,7.081999779
0,0,1,1,1,0,12,94,35,68,25,37,14,14,0.377999991,10.45800018,1,6,5.703999996,6.368999958
0,0,0,1,1,1,6,103,27,68,18,30,12,14,0,4.65199995,1,2,5.164999962,7.090000153
0,0,1,1,1,1,14,90,36,68,21,33,16,16,0.38499999,10.51399994,1,5,5.617000103,6.681000233
0,0,1,1,0,0,16,128,50,73,28,36,17,18,1.144999981,8.041000366,5,13,6.705999851,7.22300005
0,0,0,1,1,1,12,84,40,69,19,30,12,12,0.377999991,11.2130003,1,12,6.039999962,7.146999836
0,0,1,1,1,1,8,97,38,66,22,36,12,12,2.332999945,16.11800003,2,1,6.136000156,7.513000011
0,0,0,1,1,1,12,102,34,66,19,33,12,12,1.332999945,14.20600033,1,5,5.703999996,6.811999798
0,0,1,1,1,1,12,131,41,71,24,33,17,18,0.483999997,9.413999557,1,10,6.383999825,7.465000153
0,0,1,1,1,1,12,126,23,73,22,30,16,16,0.976999998,7.850999832,1,1,5.706999779,6.252999783
0,0,1,1,1,0,12,107,32,73,21,29,16,16,0.397000015,6.449999809,0,7,5.991000175,6.695000172
0,0,1,1,1,1,12,108,45,70,26,36,16,16,0.850000024,10.67399979,2,2,6.785999775,7.666999817
0,0,1,1,1,1,12,108,40,73,28,36,15,16,0,4.035999775,0,1,6.039999962,6.835999966
0,0,0,1,1,1,12,115,46,68,22,34,16,16,0.377999991,10.51500034,1,3,5.297999859,6.699999809
0,0,1,1,1,1,12,111,44,66,21,35,14,14,1.75,16.4829998,2,14,5.500999928,6.763999939
0,0,1,1,1,1,12,115,47,66,22,36,12,12,1.462000012,14.46899986,2,9,5.272999763,7.274000168
0,0,1,1,1,0,11,101,31,67,19,32,13,14,1,11.93599987,2,0,5.050000191,6.215000153
0,0,1,1,1,1,12,114,48,68,25,37,18,18,0.345999986,12.26299953,1,2,6.122000217,7.232999802
0,0,0,1,1,1,12,116,40,73,22,30,17,18,0,5.157000065,2,9,5.421000004,6.269000053
0,0,1,1,1,0,12,90,41,66,22,36,12,12,0,4.381999969,2,14,5.380000114,6.781000137
0,0,0,1,1,1,14,125,33,69,17,28,12,12,0,10.85299969,1,11,5.464000225,6.933000088
0,0,0,0,1,1,12,98,26,69,17,28,12,12,0.337000012,11.34000015,1,12,5.638000011,7.099999905
0,0,1,1,1,0,10,111,42,73,21,29,15,15,1.373999953,7.605000019,4,5,5.848999977,7.389999866
0,0,1,1,1,1,12,109,38,70,22,32,15,16,0.805999994,10.70800018,3,2,6.038000107,7.519000053
0,0,0,1,1,1,12,124,36,68,25,37,16,16,0.377999991,12.34300041,1,2,5.743000031,7.379000187
0,0,1,1,1,1,8,121,35,73,25,33,13,13,0.35800001,6.044000149,4,1,6.396999836,6.907999992
0,0,0,1,1,1,10,103,37,69,19,30,12,12,0,6.671000004,1,4,5.520999908,6.603000164
0,1,0,0,1,1,12,96,19,68,17,29,12,12,1,9.701999664,1,1,5.59800005,7.438000202
0,0,1,1,1,1,12,100,40,66,19,33,12,12,0,10.88099957,2,9,6.020999908,7.438000202
0,0,1,1,1,1,11,112,38,66,24,38,10,12,0,11.57999992,8,5,5.999000072,7.008999825
0,0,0,1,1,1,12,73,24,66,17,31,10,11,0,0.962000012,1,1,5.370999813,6.438000202
0,0,0,1,1,1,11,101,39,70,19,29,12,13,0,1,1,7,5.627999783,6.578999996
0,0,0,1,1,1,12,99,44,66,22,36,12,12,4.333000183,19.0890007,4,10,5.480999947,6.750999928
0,0,0,1,1,1,12,95,23,67,19,32,12,12,0.462000012,12.08399963,1,2,4.828000069,7.131000042
0,0,1,1,0,0,18,109,40,70,28,38,16,18,0,3.828999996,3,13,6.125,7.03000021
0,0,0,0,1,1,13,110,35,70,18,28,12,12,0,6.142000198,1,1,5.672999859,6.802000046
0,0,1,1,1,1,4,98,49,69,27,38,17,17,0,6.368000031,1,7,6.282000065,7.561999798
0,0,1,1,1,1,12,112,46,73,29,37,15,15,2.036999941,7.507999897,0,2,6.619999886,6.868999958
0,0,1,1,1,1,11,90,28,68,18,30,12,12,0,5.394999981,1,3,6.619999886,7.361000061
0,0,1,1,0,1,12,102,46,73,28,36,14,14,5.282000065,11.06299973,0,7,6.333000183,6.846000195
0,0,1,1,1,0,12,119,39,73,22,30,16,16,0.657999992,7.53399992,2,9,6.052000046,6.802000046
0,0,1,1,0,0,8,96,34,66,17,31,12,12,0.333000004,14.67700005,1,13,5.552999973,6.782000065
0,0,1,1,1,1,12,118,40,69,27,38,18,18,1.179999948,12.11200047,1,12,6.462999821,7.443999767
0,0,1,1,0,0,9,79,39,66,23,37,11,12,5.377999783,19.32999992,1,15,5.663000107,7.138999939
0,0,1,1,0,0,10,96,42,68,26,38,12,12,0,8.732999802,8,7,5.958000183,6.620999813
0,0,0,1,0,0,12,80,27,69,17,28,11,11,1.006000042,11.99600029,1,12,5.777999878,7
0,0,0,1,0,0,12,137,36,70,23,33,13,13,0.797999978,10.80099964,1,11,5.81400013,6.90899992
0,0,0,0,0,0,12,116,42,69,23,34,15,15,0.462000012,11.26099968,1,12,5.964000225,7.051000118
0,0,1,1,1,1,12,69,31,66,21,35,11,12,1.317000031,15.16800022,2,16,6.031000137,6.907999992
0,0,0,1,1,1,6,78,36,66,19,33,12,12,1.960999966,15.89999962,1,3,5.605999947,7.131000042
0,1,1,1,1,1,8,99,41,71,29,38,12,12,11.10999966,17.91399956,4,3,5.993999958,6.754000187
0,0,0,1,1,1,16,92,33,67,18,31,12,12,0.377999991,13.40600014,3,3,5.352000237,7.098999977
0,0,0,1,1,1,16,113,23,73,21,29,16,16,0,11.99499989,6,7,6.043000221,6.842999935
0,0,0,1,1,1,12,98,29,71,24,33,13,13,0,6.566999912,1,1,5.434000015,6.80700016
0,0,1,1,1,1,12,115,30,73,21,29,15,15,0.39199999,7.355000019,3,4,6.171999931,6.770999908
0,0,0,1,1,1,6,117,41,69,24,35,16,17,0,1,1,9,5.663000107,7.139999866
0,0,1,1,1,1,8,96,38,66,21,35,12,12,0,13.92099953,4,2,5.65899992,6.855999947
0,0,0,1,1,1,10,108,46,73,21,29,12,12,1.782999992,8.68999958,0,3,5.520999908,4.749000072
0,0,1,1,0,1,16,92,34,73,23,31,16,17,0.529999971,5.907999992,0,4,5.412000179,6.512000084
0,0,0,1,1,1,16,95,38,66,23,37,15,15,3.332999945,16.60199928,1,10,5.415999889,6.987999916
0,0,0,1,1,1,15,94,40,67,21,34,13,14,0.462000012,13.41600037,1,14,5.644999981,6.964000225
0,0,1,1,0,0,7,115,38,66,24,38,12,12,6.333000183,20.32299995,7,12,5.843999863,6.684999943
0,0,1,1,0,0,12,105,42,67,23,36,16,16,0.25,13.57199955,0,13,5.846000195,7.561999798
0,0,0,1,0,0,7,109,36,66,22,36,12,12,2.545000076,16.50900078,1,15,5.576000214,6.750999928
0,0,1,1,0,0,12,87,38,71,22,31,12,12,4.508999825,14.94299984,4,6,5.684000015,6.762000084
0,0,0,1,1,1,13,110,34,66,22,36,16,16,0.333000004,14.65400028,1,13,5.540999889,6.995999813
0,0,0,1,0,0,10,110,30,71,21,30,16,16,0.386999995,9.31400013,1,4,5.617000103,6.93200016
0,0,0,1,1,0,17,109,32,68,19,31,12,12,0.962000012,11.41399956,1,2,5.727000237,6.744999886
0,0,1,1,0,0,12,85,21,66,21,35,12,12,3.165999889,16.96999931,4,10,5.617000103,6.512000084
0,0,1,1,0,0,10,105,42,69,26,37,14,14,1.378000021,12.31599998,1,12,5.65199995,6.684999943
0,0,1,1,0,0,10,122,39,73,25,33,16,16,0.593999982,7.053999901,0,3,5.59499979,6.955999851
0,0,1,1,1,1,14,108,40,67,22,35,16,17,0,9.081000328,1,11,6.020999908,6.784999847
0,1,0,0,1,1,12,122,38,71,22,31,16,16,1.309000015,9.82199955,1,2,5.624000072,6.684999943
0,0,1,1,1,1,8,79,32,73,24,32,16,17,2.397000074,9.362999916,2,9,6.263000011,7.090000153
0,0,0,1,1,1,12,105,30,68,17,29,12,12,0,7.933000088,1,10,5.164999962,6.498000145
0,0,0,1,0,1,8,110,42,66,23,37,12,12,0,6.210000038,1,12,5.548999786,6.907999992
0,0,0,0,1,1,14,92,32,71,20,29,12,12,2.387000084,7.828999996,1,4,5.730000019,6.774000168
0,0,1,1,0,0,12,131,32,73,25,33,16,16,3.394999981,10.30200005,5,2,5.953000069,7.092000008
0,0,0,1,0,0,12,104,32,71,20,29,12,12,1.131000042,10.00800037,1,2,5.256999969,6.501999855
0,0,1,1,0,0,12,110,39,70,27,37,16,16,4.68200016,14.61699963,1,11,6.027999878,6.828000069
1,1,0,1,1,1,10,99,20,69,17,28,12,12,0.691999972,10.27700043,1,10,5.480999947,6.669000149
1,1,0,1,0,0,4,72,34,66,20,34,9,9,4.083000183,17.28300095,1,5,4.828000069,6.438000202
1,1,0,0,0,0,6,86,35,67,19,32,12,12,0.462000012,12.75,1,9,4.913000107,6.521999836
1,1,1,1,0,0,12,68,38,66,21,35,11,12,0,10.8739996,5,19,5.460000038,6.540999889
1,0,1,1,0,0,12,116,42,71,29,38,16,17,0.495000005,7.672999859,2,2,6.254000187,7.743999958
1,1,0,1,0,0,10,96,45,70,22,32,13,14,0,9.708999634,1,4,5.297999859,7.086999893
1,1,0,1,1,1,12,100,32,68,17,29,9,12,0,8.026000023,1,8,5.074999809,6.580999851
1,1,1,1,1,1,12,101,38,66,18,32,12,13,0,13.38000011,1,2,5.781000137,7.313000202
1,1,1,1,1,1,12,117,39,73,22,30,16,16,1.274999976,6.968999863,0,9,6.443999767,7.087999821
1,1,0,1,1,1,16,93,38,67,19,32,12,12,0,4.188000202,2,2,4.828000069,5.96600008
1,1,0,1,1,1,9,116,37,69,17,28,12,12,1,12,2,11,5.176000118,6.789999962
1,1,1,1,1,1,12,106,42,66,22,36,12,12,5.083000183,19.02000046,6,20,5.142000198,6.980999947
1,1,1,1,1,1,14,98,45,66,22,36,12,12,2.582999945,16.7689991,1,12,5.624000072,7.02699995
1,1,1,1,1,0,12,103,36,66,23,37,12,15,0,1,1,1,5.438000202,6.619999886
1,1,0,1,0,0,10,100,22,70,21,31,13,13,0,5.315999985,1,1,5.352000237,6.263000011
1,1,1,1,0,0,10,96,39,69,18,29,12,12,1.129999995,10.69400024,1,4,5.520999908,7.006999969
1,1,0,1,1,0,10,96,27,69,18,29,12,12,0.878000021,9.739999771,1,1,6.031000137,6.684999943
1,1,0,1,0,0,13,104,42,66,17,31,12,13,0,7.635000229,1,7,4.796000004,7.232999802
1,1,0,0,0,0,14,106,34,73,28,36,17,17,3.000999928,8.145000458,1,0,5.347000122,6.052000046
1,1,0,1,0,0,12,106,44,67,23,36,16,16,0.416999996,13.38000011,1,10,5.777999878,7.032999992
1,1,0,0,1,1,9,94,24,71,26,35,12,12,7.785999775,17.83300018,6,15,5.500999928,6.524000168
1,1,1,1,0,0,10,81,29,66,21,35,10,11,4.333000183,15.50199986,1,5,5.857999802,6.855999947
1,1,1,1,0,0,5,87,15,66,22,36,9,10,6.461999893,20.18899918,4,7,4.717999935,6.396999836
1,1,0,1,0,0,6,75,27,68,18,30,12,12,1,11.95100021,1,9,5.247000217,6.829999924
1,1,0,1,0,0,5,95,34,66,17,31,12,12,0.333000004,14.48200035,1,13,5.011000156,6.309999943
1,1,0,1,0,0,3,86,19,69,19,30,11,11,1,12.78600025,4,11,4.868000031,6.407000065
1,1,0,1,0,0,3,86,17,68,18,30,10,10,0.307999998,6.995999813,1,1,5.136000156,6.052000046
1,1,0,1,0,1,8,104,41,69,20,31,12,14,0,3.713000059,1,1,5.21999979,5.828999996
1,1,0,1,0,1,7,95,21,66,20,34,12,12,2.601000071,16.3939991,3,9,4.90500021,6.539999962
1,1,0,1,0,0,8,116,37,69,18,29,12,12,0.61500001,11.23200035,1,9,5.415999889,6.354000092
1,1,1,1,0,0,8,66,20,68,21,33,9,9,4.333000183,14.8210001,1,10,5.703999996,6.347000122
1,1,1,1,1,1,0,101,38,70,22,32,16,16,1.475000024,10.71399975,1,9,5.684000015,6.705999851
1,1,0,1,0,0,12,96,23,68,17,29,12,12,0,11.38799953,0,5,4.889999866,6.894999981
1,1,1,1,0,1,9,104,41,66,21,35,12,12,2.378000021,16.36000061,4,18,5.247000217,6.423999786
1,0,1,1,0,1,14,105,34,69,24,35,16,16,1.013000011,11.88799953,1,1,5.663000107,6.933000088
1,0,0,1,1,1,8,106,34,69,18,29,12,12,0,3.836999893,1,3,5.579999924,6.695000172
1,1,1,1,0,1,15,101,34,73,22,30,17,17,1.597000003,7.861000061,2,0,6.251999855,6.693999767
1,1,1,1,1,1,12,96,42,66,22,36,12,12,0.916000009,12.85000038,1,5,5.415999889,6.670000076
1,0,0,1,0,1,12,105,34,66,19,33,12,12,0,6.308000088,2,2,5.080999851,6.744999886
1,1,1,1,1,1,3,106,40,70,28,38,12,12,0.52700001,10.32299995,9,19,6.131000042,6.802000046
1,1,1,1,1,1,8,102,44,66,22,36,12,12,5.416999817,19.37700081,6,20,5.313000202,7.256999969
1,1,1,1,0,0,12,90,46,66,24,38,11,13,0,3.757999897,1,1,5.19299984,6.331999779
1,1,0,1,0,0,12,104,30,69,17,28,12,12,0.402999997,10.95199966,1,5,5.380000114,6.331999779
1,1,1,1,0,0,12,118,37,69,21,32,16,16,0.462000012,11.39099979,1,12,5.953000069,6.916999817
1,1,1,1,0,1,9,108,40,66,22,36,12,12,2.724999905,16.73200035,3,17,5.297999859,7.274000168
1,1,0,1,0,0,12,104,37,66,18,32,12,12,0.377999991,14.37699986,1,15,5.485000134,6.842999935
1,1,1,1,0,0,10,92,40,71,27,36,9,10,8.088000298,18.22100067,1,10,5.540999889,6.43599987
1,1,0,1,0,0,4,87,26,71,21,30,12,13,0.927999973,9.404000282,1,3,5.517000198,6.464000225
1,1,0,0,0,0,12,96,38,73,20,28,15,15,0,6.323999882,3,10,5.236000061,5.991000175
1,1,1,1,0,0,12,80,34,66,24,38,10,10,1.322000027,15.33899975,4,14,5.074999809,6.802000046
1,1,1,1,0,0,12,104,40,73,25,33,16,16,1.511000037,8.371999741,2,10,6.071000099,6.239999771
1,1,1,1,0,0,9,104,35,73,27,35,18,18,0,7.005000114,2,10,6.357999802,6.796000004
1,1,1,1,1,1,12,96,24,73,24,32,18,18,0.5,7.328999996,0,5,5.441999912,7.156000137
1,1,0,0,0,0,12,89,24,73,22,30,12,12,3.20600009,10.13399982,2,9,5.415999889,6.184000015
1,1,1,1,0,0,10,113,39,69,18,29,12,12,1.462000012,10.90499973,2,5,4.860000134,5.78399992
1,1,0,1,0,0,7,105,29,66,19,33,12,12,1.832999945,15.70699978,2,5,5.011000156,6.644999981
1,1,0,0,0,1,7,84,39,69,20,31,12,14,0,5.505000114,1,8,5.520999908,6.426000118
1,1,1,1,1,1,7,108,36,66,21,35,12,12,2.434000015,16.36599922,3,17,5.230999947,6.947000027
1,1,1,1,1,1,8,104,32,66,20,34,12,12,1.462000012,15.32999992,2,4,5.136000156,6.620999813
1,1,0,1,0,0,7,106,28,67,17,30,12,12,1,14.72799969,1,11,4.828000069,5.940000057
1,1,1,1,1,1,12,70,34,66,24,38,10,10,7.545000076,20.56699944,8,7,5.297999859,6.624000072
1,1,1,1,1,1,11,104,39,70,24,34,16,16,0.474999994,10.22900009,1,11,5.846000195,6.971000195
1,0,0,1,1,1,14,91,42,68,18,30,12,12,0,13.21700001,1,1,5.111999989,6.974999905
1,1,1,1,1,1,14,112,42,73,26,34,18,18,0.395000011,7.311999798,1,8,6.254000187,7.361000061
1,1,0,1,0,0,12,97,27,68,18,30,10,10,0.86500001,13.75,1,9,5.247000217,6.477000237
1,1,0,1,0,0,10,99,40,66,18,32,12,12,1.332999945,14.61600018,1,7,5.297999859,6.551000118
1,1,0,1,0,0,6,86,28,66,17,31,9,10,0.333000004,14.63700008,1,12,5.164999962,6.252999783
1,1,0,1,0,0,12,90,36,66,18,32,12,12,2.289000034,16.25499916,2,16,5.415999889,6.791999817
0,0,1,1,1,1,12,101,43,69,19,30,12,12,0,10.90400028,1,12,5.693999767,6.346000195
1,1,1,1,0,1,11,109,33,73,21,29,15,15,0,10.5710001,0,1,5.730000019,7.275000095
1,1,1,1,0,0,12,107,40,66,24,38,12,12,6.333000183,21.05400085,1,12,5.152999878,6.215000153
1,1,1,1,0,0,12,110,48,66,22,36,16,16,0.925999999,14.96700001,1,15,5.297999859,7.295000076
1,1,1,1,1,1,10,120,35,73,20,28,13,13,0,4.098999977,0,1,6.730999947,6.688000202
1,1,0,1,1,1,12,97,34,73,22,30,16,16,0.786000013,6.848999977,0,2,5.820000172,6.868999958
1,1,1,1,1,1,11,103,37,73,21,29,12,12,1.906000018,8.798999786,0,5,5.881000042,6.907999992
1,1,1,1,1,1,12,114,36,73,22,30,16,16,0.335999995,4.777999878,0,4,5.927000046,6.396999836
1,1,0,1,1,0,8,95,31,68,18,30,11,11,0,12.40699959,1,2,5.176000118,6.109000206
1,1,0,1,0,1,12,97,28,73,24,32,16,17,0.5,7.493999958,2,2,6.512000084,7.354000092
1,1,0,1,0,0,13,97,34,73,20,28,14,14,1.907999992,5.809000015,0,3,5.441999912,5.877999783
1,1,1,1,1,1,10,83,25,67,19,32,13,13,1,14.41899967,1,13,4.941999912,6.867000103
1,1,1,1,0,0,12,104,46,73,24,32,16,16,0,5.066999912,1,2,5.528999805,6.339000225
1,1,1,1,0,0,12,82,27,73,24,32,12,12,2.816999912,8.732999802,0,2,5.686999798,6.175000191
1,1,1,1,1,1,8,113,45,71,26,35,16,16,0,8.204999924,1,10,6.022999763,7.274000168
1,1,1,1,0,0,7,93,39,67,22,35,12,12,0.691999972,10.73700047,1,3,5.176000118,6.468999863
1,1,1,1,0,0,12,101,38,73,25,33,12,12,4.828000069,10.58899975,0,5,5.78399992,6.467000008
1,1,1,1,0,0,7,100,33,73,23,31,12,12,2.489000082,9.00399971,2,3,5.627999783,6.168000221
1,1,1,1,1,1,8,102,32,68,19,31,12,13,0.27700001,9.833999634,1,3,5.074999809,7.092000008
